-- phpMyAdmin SQL Dump
-- version 4.0.4.1
-- http://www.phpmyadmin.net
--
-- Host: 127.0.0.1
-- Generation Time: Nov 17, 2018 at 12:14 PM
-- Server version: 5.5.32
-- PHP Version: 5.4.19

SET SQL_MODE = "NO_AUTO_VALUE_ON_ZERO";
SET time_zone = "+00:00";


/*!40101 SET @OLD_CHARACTER_SET_CLIENT=@@CHARACTER_SET_CLIENT */;
/*!40101 SET @OLD_CHARACTER_SET_RESULTS=@@CHARACTER_SET_RESULTS */;
/*!40101 SET @OLD_COLLATION_CONNECTION=@@COLLATION_CONNECTION */;
/*!40101 SET NAMES utf8 */;

--
-- Database: `db_store`
--
CREATE DATABASE IF NOT EXISTS `db_store` DEFAULT CHARACTER SET latin1 COLLATE latin1_swedish_ci;
USE `db_store`;

-- --------------------------------------------------------

--
-- Table structure for table `tbl_admin`
--

CREATE TABLE IF NOT EXISTS `tbl_admin` (
  `adminId` int(11) NOT NULL AUTO_INCREMENT,
  `adminName` varchar(255) NOT NULL,
  `adminUser` varchar(255) NOT NULL,
  `adminEmail` varchar(255) NOT NULL,
  `adminPass` varchar(32) NOT NULL,
  `level` tinyint(4) NOT NULL,
  PRIMARY KEY (`adminId`)
) ENGINE=InnoDB  DEFAULT CHARSET=latin1 AUTO_INCREMENT=2 ;

--
-- Dumping data for table `tbl_admin`
--

INSERT INTO `tbl_admin` (`adminId`, `adminName`, `adminUser`, `adminEmail`, `adminPass`, `level`) VALUES
(1, 'ariyan', 'admin', 'admin@gmail.com', '202cb962ac59075b964b07152d234b70', 0);

-- --------------------------------------------------------

--
-- Table structure for table `tbl_brand`
--

CREATE TABLE IF NOT EXISTS `tbl_brand` (
  `brandId` int(11) NOT NULL AUTO_INCREMENT,
  `brandName` varchar(255) NOT NULL,
  PRIMARY KEY (`brandId`)
) ENGINE=InnoDB  DEFAULT CHARSET=latin1 AUTO_INCREMENT=7 ;

--
-- Dumping data for table `tbl_brand`
--

INSERT INTO `tbl_brand` (`brandId`, `brandName`) VALUES
(1, 'Iphone'),
(2, 'Samsung'),
(3, 'Acer'),
(5, 'Zara'),
(6, 'Polo');

-- --------------------------------------------------------

--
-- Table structure for table `tbl_cart`
--

CREATE TABLE IF NOT EXISTS `tbl_cart` (
  `cartId` int(11) NOT NULL AUTO_INCREMENT,
  `sId` varchar(255) NOT NULL,
  `productId` int(11) NOT NULL,
  `productName` varchar(255) NOT NULL,
  `price` float(10,2) NOT NULL,
  `quantity` int(11) NOT NULL,
  `image` varchar(255) NOT NULL,
  PRIMARY KEY (`cartId`)
) ENGINE=InnoDB  DEFAULT CHARSET=latin1 AUTO_INCREMENT=44 ;

--
-- Dumping data for table `tbl_cart`
--

INSERT INTO `tbl_cart` (`cartId`, `sId`, `productId`, `productName`, `price`, `quantity`, `image`) VALUES
(28, 'hb1dkvk8ptdfhleq375m01e891', 1, ' Ariyan Lorem Ipsum fsdfasdaf', 525.00, 1, 'upload/a2d9ff0c56.png'),
(42, 'ki70g8rmb4mfqs7cmei2l3qpi3', 10, 'Woman Tshirt 03', 300.00, 1, 'upload/a2fccb0144.png'),
(43, 'e6r6avk209clao063d5p18i597', 7, 'Mans Tshirt 02', 400.00, 1, 'upload/4b2b2f0556.png');

-- --------------------------------------------------------

--
-- Table structure for table `tbl_category`
--

CREATE TABLE IF NOT EXISTS `tbl_category` (
  `catId` int(11) NOT NULL AUTO_INCREMENT,
  `catName` varchar(255) NOT NULL,
  PRIMARY KEY (`catId`)
) ENGINE=InnoDB  DEFAULT CHARSET=latin1 AUTO_INCREMENT=11 ;

--
-- Dumping data for table `tbl_category`
--

INSERT INTO `tbl_category` (`catId`, `catName`) VALUES
(2, 'Desktop'),
(3, 'Laptop or Pc'),
(4, 'Accessories'),
(5, 'Software'),
(6, 'Footwear'),
(7, 'Jewellery'),
(8, 'Bag Mans'),
(9, 'Mans Tshirt'),
(10, 'Womans Tshirt');

-- --------------------------------------------------------

--
-- Table structure for table `tbl_compare`
--

CREATE TABLE IF NOT EXISTS `tbl_compare` (
  `id` int(11) NOT NULL AUTO_INCREMENT,
  `cmrId` int(11) NOT NULL,
  `productId` int(11) NOT NULL,
  `productName` varchar(255) NOT NULL,
  `price` float(10,2) NOT NULL,
  `image` varchar(255) NOT NULL,
  PRIMARY KEY (`id`)
) ENGINE=InnoDB  DEFAULT CHARSET=latin1 AUTO_INCREMENT=2 ;

--
-- Dumping data for table `tbl_compare`
--

INSERT INTO `tbl_compare` (`id`, `cmrId`, `productId`, `productName`, `price`, `image`) VALUES
(1, 2, 5, 'Mans Tshirt Main', 450.00, 'upload/75a398ecfc.png');

-- --------------------------------------------------------

--
-- Table structure for table `tbl_copy`
--

CREATE TABLE IF NOT EXISTS `tbl_copy` (
  `id` int(11) NOT NULL AUTO_INCREMENT,
  `copyright` varchar(255) NOT NULL,
  PRIMARY KEY (`id`)
) ENGINE=InnoDB  DEFAULT CHARSET=latin1 AUTO_INCREMENT=2 ;

--
-- Dumping data for table `tbl_copy`
--

INSERT INTO `tbl_copy` (`id`, `copyright`) VALUES
(1, 'ele easy Learning project Online Course udemy');

-- --------------------------------------------------------

--
-- Table structure for table `tbl_customer`
--

CREATE TABLE IF NOT EXISTS `tbl_customer` (
  `id` int(11) NOT NULL AUTO_INCREMENT,
  `name` varchar(255) NOT NULL,
  `address` text NOT NULL,
  `city` varchar(30) NOT NULL,
  `country` varchar(30) NOT NULL,
  `zip` varchar(30) NOT NULL,
  `phone` varchar(30) NOT NULL,
  `email` varchar(255) NOT NULL,
  `pass` varchar(32) NOT NULL,
  PRIMARY KEY (`id`)
) ENGINE=InnoDB  DEFAULT CHARSET=latin1 AUTO_INCREMENT=3 ;

--
-- Dumping data for table `tbl_customer`
--

INSERT INTO `tbl_customer` (`id`, `name`, `address`, `city`, `country`, `zip`, `phone`, `email`, `pass`) VALUES
(2, 'Kazi Nazrul', 'Groan Puran Polton south Dhaka ', 'ctg', 'USA', '1100', '4544555455', 'kaziariyan@gmail.com', '202cb962ac59075b964b07152d234b70');

-- --------------------------------------------------------

--
-- Table structure for table `tbl_image`
--

CREATE TABLE IF NOT EXISTS `tbl_image` (
  `id` int(11) NOT NULL AUTO_INCREMENT,
  `title` varchar(255) NOT NULL,
  `image` varchar(255) NOT NULL,
  PRIMARY KEY (`id`)
) ENGINE=InnoDB  DEFAULT CHARSET=latin1 AUTO_INCREMENT=4 ;

--
-- Dumping data for table `tbl_image`
--

INSERT INTO `tbl_image` (`id`, `title`, `image`) VALUES
(1, 'Slider1', 'upload/1.jpg'),
(2, 'Slider2', 'upload/2.jpg'),
(3, 'Slider3', 'upload/a1a6eb7bae.jpg');

-- --------------------------------------------------------

--
-- Table structure for table `tbl_order`
--

CREATE TABLE IF NOT EXISTS `tbl_order` (
  `id` int(11) NOT NULL AUTO_INCREMENT,
  `cmrId` int(11) NOT NULL,
  `productId` int(11) NOT NULL,
  `productName` varchar(255) NOT NULL,
  `quantity` int(11) NOT NULL,
  `price` float(10,2) NOT NULL,
  `image` varchar(255) NOT NULL,
  `status` int(11) NOT NULL DEFAULT '0',
  `date` timestamp NOT NULL DEFAULT CURRENT_TIMESTAMP,
  PRIMARY KEY (`id`)
) ENGINE=InnoDB  DEFAULT CHARSET=latin1 AUTO_INCREMENT=11 ;

--
-- Dumping data for table `tbl_order`
--

INSERT INTO `tbl_order` (`id`, `cmrId`, `productId`, `productName`, `quantity`, `price`, `image`, `status`, `date`) VALUES
(8, 2, 6, 'Mans Tshirt 01', 1, 500.00, 'upload/2c22e0411e.png', 1, '2018-10-26 20:01:34'),
(9, 2, 7, 'Mans Tshirt 02', 1, 400.00, 'upload/4b2b2f0556.png', 0, '2018-10-26 20:01:34'),
(10, 2, 5, 'Mans Tshirt Main', 2, 450.00, 'upload/75a398ecfc.png', 1, '2018-11-11 20:12:48');

-- --------------------------------------------------------

--
-- Table structure for table `tbl_product`
--

CREATE TABLE IF NOT EXISTS `tbl_product` (
  `productId` int(11) NOT NULL AUTO_INCREMENT,
  `productName` varchar(255) NOT NULL,
  `catId` int(11) NOT NULL,
  `brandId` int(11) NOT NULL,
  `body` text NOT NULL,
  `price` float(10,2) NOT NULL,
  `image` varchar(255) NOT NULL,
  `type` tinyint(4) NOT NULL DEFAULT '0',
  PRIMARY KEY (`productId`)
) ENGINE=InnoDB  DEFAULT CHARSET=latin1 AUTO_INCREMENT=11 ;

--
-- Dumping data for table `tbl_product`
--

INSERT INTO `tbl_product` (`productId`, `productName`, `catId`, `brandId`, `body`, `price`, `image`, `type`) VALUES
(1, ' Ariyan Lorem Ipsum fsdfasdaf', 8, 3, '<p>Lorem Ipsum is simply dummy text of the printing and typesetting industry. Lorem Ipsum has been the industry''s standard dummy text ever since the 1500s, when an unknown printer took a galley of type and scrambled it to make a type specimen book. It has survived not only five centuries, but also the leap into electronic typesetting, remaining essentially unchanged.</p>\r\n<p>Lorem Ipsum is simply dummy text of the printing and typesetting industry. Lorem Ipsum has been the industry''s standard dummy text ever since the 1500s, when an unknown printer took a galley of type and scrambled it to make a type specimen book. It has survived not only five centuries, but also the leap into electronic typesetting, remaining essentially unchanged.</p>', 525.00, 'upload/a2d9ff0c56.png', 0),
(3, 'Lorem Ipsum is', 7, 2, '<p>ndustry''s standard dummy text ever since the 1500s, when an unknown printer took a galley of type and scrambled it to make a type specimen book. It has survived not only five centuries, but also the leap into electronic typesetting, remaining essentially unchanged.</p>\r\n<p>Lorem Ipsum is simply dummy text of the printing and typesetting industry. Lorem Ipsum has been the industry''s standard dummy text ever since the 1500s, when an unknown printer took a galley of type and scrambled it to make a type specimen book. It has survived not only five centuries, but also the leap into electronic typesetting, remaining essentially unchanged.</p>', 544.00, 'upload/94f295c59c.png', 0),
(5, 'Mans Tshirt Main', 8, 6, '<p>Ariyan Mans Tshirt Lorem Ipsum is simply dummy text of the printing and typesetting industry. Lorem Ipsum has been the industry''s standard dummy text ever since the 1500s, when an unknown printer took a galley of type and scrambled it to make a type specimen book. It has survived not only five centuries, but also the leap into electronic typesetting, remaining essentially unchanged.</p>\r\n<p>Lorem Ipsum is simply dummy text of the printing and typesetting industry. Lorem Ipsum has been the industry''s standard dummy text ever since the 1500s, when an unknown printer took a galley of type and scrambled it to make a type specimen book. It has survived not only five centuries, but also the leap into electronic typesetting, remaining essentially unchanged.</p>', 450.00, 'upload/75a398ecfc.png', 0),
(6, 'Mans Tshirt 01', 9, 6, '<p>Lorem Ipsum is simply dummy text of the printing and typesetting industry. Lorem Ipsum has been the industry''s standard dummy text ever since the 1500s, when an unknown printer took a galley of type and scrambled it to make a type specimen book. It has survived not only five centuries, but also the leap into electronic typesetting, remaining essentially unchanged.</p>\r\n<p>Lorem Ipsum is simply dummy text of the printing and typesetting industry. Lorem Ipsum has been the industry''s standard dummy text ever since the 1500s, when an unknown printer took a galley of type and scrambled it to make a type specimen book. It has survived not only five centuries, but also the leap into electronic typesetting, remaining essentially unchanged.</p>', 500.00, 'upload/2c22e0411e.png', 0),
(7, 'Mans Tshirt 02', 9, 6, '<p>Lorem Ipsum is simply dummy text of the printing and typesetting industry. Lorem Ipsum has been the industry''s standard dummy text ever since the 1500s, when an unknown printer took a galley of type and scrambled it to make a type specimen book. It has survived not only five centuries, but also the leap into electronic typesetting, remaining essentially unchanged.</p>\r\n<p>Lorem Ipsum is simply dummy text of the printing and typesetting industry. Lorem Ipsum has been the industry''s standard dummy text ever since the 1500s, when an unknown printer took a galley of type and scrambled it to make a type specimen book. It has survived not only five centuries, but also the leap into electronic typesetting, remaining essentially unchanged.</p>', 400.00, 'upload/4b2b2f0556.png', 0),
(8, 'Woman Tshirt 01', 10, 5, '<p>Lorem Ipsum is simply dummy text of the printing and typesetting industry. Lorem Ipsum has been the industry''s standard dummy text ever since the 1500s, when an unknown printer took a galley of type and scrambled it to make a type specimen book. It has survived not only five centuries, but also the leap into electronic typesetting, remaining essentially unchanged.</p>\r\n<p>Lorem Ipsum is simply dummy text of the printing and typesetting industry. Lorem Ipsum has been the industry''s standard dummy text ever since the 1500s, when an unknown printer took a galley of type and scrambled it to make a type specimen book. It has survived not only five centuries, but also the leap into electronic typesetting, remaining essentially unchanged.</p>', 302.00, 'upload/b33f6c97c5.png', 1),
(9, 'Woman Tshirt 02', 10, 5, '<p>Lorem Ipsum is simply dummy text of the printing and typesetting industry. Lorem Ipsum has been the industry''s standard dummy text ever since the 1500s, when an unknown printer took a galley of type and scrambled it to make a type specimen book. It has survived not only five centuries, but also the leap into electronic typesetting, remaining essentially unchanged.</p>\r\n<p>Lorem Ipsum is simply dummy text of the printing and typesetting industry. Lorem Ipsum has been the industry''s standard dummy text ever since the 1500s, when an unknown printer took a galley of type and scrambled it to make a type specimen book. It has survived not only five centuries, but also the leap into electronic typesetting, remaining essentially unchanged.</p>', 300.00, 'upload/dfa0f50fc0.png', 0),
(10, 'Woman Tshirt 03', 10, 5, '<p>Lorem Ipsum is simply dummy text of the printing and typesetting industry. Lorem Ipsum has been the industry''s standard dummy text ever since the 1500s, when an unknown printer took a galley of type and scrambled it to make a type specimen book. It has survived not only five centuries, but also the leap into electronic typesetting, remaining asdfas essentially unchanged.asdfasdf</p>\r\n<p>Lorem Ipsum is simply dummy text of the printing and typesetting industry. Lorem Ipsum has been the industry''s standard dummy text ever since the 1500s, when an unknown printer took a galley of type and scrambled it to make a type specimen book. It has survived not only five centuries, but also the leap into electronic typesetting, remaining essentially unchanged.</p>', 300.00, 'upload/a2fccb0144.png', 1);

-- --------------------------------------------------------

--
-- Table structure for table `tbl_social`
--

CREATE TABLE IF NOT EXISTS `tbl_social` (
  `id` int(11) NOT NULL AUTO_INCREMENT,
  `fb` varchar(255) NOT NULL,
  `tw` varchar(255) NOT NULL,
  `ln` varchar(255) NOT NULL,
  `gp` varchar(255) NOT NULL,
  PRIMARY KEY (`id`)
) ENGINE=InnoDB  DEFAULT CHARSET=latin1 AUTO_INCREMENT=2 ;

--
-- Dumping data for table `tbl_social`
--

INSERT INTO `tbl_social` (`id`, `fb`, `tw`, `ln`, `gp`) VALUES
(1, 'https://www.facebook.com/ariyan', 'https://twitter.com/ariyan', 'https://linkedin.com/ariyan', 'https://www.google.com/ariyan');

-- --------------------------------------------------------

--
-- Table structure for table `tbl_wlist`
--

CREATE TABLE IF NOT EXISTS `tbl_wlist` (
  `id` int(11) NOT NULL AUTO_INCREMENT,
  `cmrId` int(11) NOT NULL,
  `productId` int(11) NOT NULL,
  `productName` varchar(255) NOT NULL,
  `price` float(10,2) NOT NULL,
  `image` varchar(255) NOT NULL,
  PRIMARY KEY (`id`)
) ENGINE=InnoDB  DEFAULT CHARSET=latin1 AUTO_INCREMENT=5 ;

--
-- Dumping data for table `tbl_wlist`
--

INSERT INTO `tbl_wlist` (`id`, `cmrId`, `productId`, `productName`, `price`, `image`) VALUES
(2, 2, 10, 'Woman Tshirt 03', 300.00, 'upload/a2fccb0144.png'),
(4, 2, 5, 'Mans Tshirt Main', 450.00, 'upload/75a398ecfc.png');

/*!40101 SET CHARACTER_SET_CLIENT=@OLD_CHARACTER_SET_CLIENT */;
/*!40101 SET CHARACTER_SET_RESULTS=@OLD_CHARACTER_SET_RESULTS */;
/*!40101 SET COLLATION_CONNECTION=@OLD_COLLATION_CONNECTION */;
